#separator:Pipe
#html:false
#notetype:Text2Anki
#deck:Text2Anki
보다-Flower Road-당신의 안에서 살던 때 보다|보다|Adverb|more|More than, when compared to something. |3|당신의 안에서 살던 때 보다|Colder than when I lived in you|[sound:t2a-당신의 안에서 살던 때 보다.mp3]|Azure Text-to-speech REST API|Flower Road|Flower Road.md|Korean Basic Dictionary (23-03)|
세상-Flower Road-세상이란 게 제법 춥네요|세상|Noun|world|The entire space on earth.|3|세상이란 게 제법 춥네요|The world is so cold|[sound:t2a-세상이란 게 제법 춥네요.mp3]|Azure Text-to-speech REST API|Flower Road|Flower Road.md|Korean Basic Dictionary (23-03)|
